Город;Субъект РФ;с.ш.;в.д.;Население;
Абаза;Хакасия;52.6225919;90.079409;12272;
Абакан;Хакасия;53.7175644;91.429317;184769;
Абдулино;Оренбургская;53.6925567;53.647398;17274;
Абинск;Краснодарский;44.8660778;38.150772;39511;
Агидель;Башкортостан;55.901097;53.9354173;14219;
Агрыз;Татарстан;56.5254937;52.995347;19991;
Адыгейск;Адыгея;44.8832511;39.188999;13175;
Азнакаево;Татарстан;54.8563556;53.079327;34750;
Азов;Ростовская;47.0947446;39.413655;81924;
Ак-Довурак;Тыва;51.1727476;90.588774;12456;
Аксай;Ростовская;47.2641365;39.871273;48372;
Алагир;СевернаяОсетия-Алания;43.0422641;44.224276;21550;
Алапаевск;Свердловская;57.8483493;61.68803;36189;
Алатырь;Чувашия;54.8383433;46.581879;32265;
Алдан;Якутия;58.6057234;125.3961;21590;
Алейск;Алтайский;52.4934588;82.780614;25380;
Александров;Владимирская;56.3947309;38.712037;57053;
Александровск;Пермский;59.1606074;57.567188;10780;
Александровск-Сахалинский;Сахалинская;50.8949252;142.15971;8854;
Алексин;Тульская;54.5031038;37.067191;60842;
Алзамай;Иркутская;55.5555238;98.665488;5373;
Алупка;Крым;44.4209688;34.047268;9063;
Алушта;Крым;44.676383;34.41005;31364;
Альметьевск;Татарстан;54.9013725;52.296955;163512;
Амурск;Хабаровский;50.2266509;136.89526;38606;
Анадырь;Чукотский;64.7316953;177.50929;13202;
Анапа;Краснодарский;44.8935914;37.315804;81863;
Ангарск;Иркутская;52.5451248;103.88811;221296;
Андреаполь;Тверская;56.6495643;32.26902;6956;
Анжеро-Судженск;Кемеровская;56.0954566;85.995508;66583;
Анива;Сахалинская;46.719688;142.523266;9638;
Апатиты;Мурманская;67.5671051;33.391068;49647;
Апрелевка;Московская;55.5482773;37.059156;35514;
Апшеронск;Краснодарский;44.4625637;39.741281;40289;
Арамиль;Свердловская;56.6964517;60.833025;19013;
Аргун;Чечня;43.2926866;45.880237;41622;
Ардатов;Мордовия;54.8469491;46.242137;9188;
Ардон;СевернаяОсетия-Алания;43.1800015;44.305323;18956;
Арзамас;Нижегородская;55.3969746;43.830221;104908;
Аркадак;Саратовская;51.9438708;43.494959;10990;
Армавир;Краснодарский;45.0014406;41.132689;187177;
Армянск;Крым;46.1140519;33.687601;20692;
Арсеньев;Приморский;44.1580429;133.26454;47937;
Арск;Татарстан;56.0910268;49.880208;20421;
Артём;Приморский;43.3534638;132.17137;109556;
Артёмовск;Красноярский;48.5986674;37.998036;82916;
Артёмовский;Свердловская;57.3390388;61.878323;28943;
Архангельск;Архангельская;64.5458549;40.550576;301199;
Асбест;Свердловская;57.005462;61.4579127;57317;
Асино;Томская;56.9990111;86.141479;24913;
Астрахань;Астраханская;46.3586008;48.056948;475629;
Ачинск;Красноярский;56.2360841;90.490315;100621;
Аша;Челябинская;54.9892775;57.283709;27890;
Бабаево;Вологодская;59.3930073;35.93032;11739;
Бабушкин;Бурятия;51.7156453;105.86517;4368;
Бавлы;Татарстан;54.4032443;53.235547;21628;
Багратионовск;Калининградская;54.3865829;20.639668;6417;
Байкальск;Иркутская;51.5097192;104.14211;13199;
Баймак;Башкортостан;52.5974199;58.306441;17833;
Бакал;Челябинская;54.9472263;58.812443;16345;
Баксан;Кабардино-Балкария;43.6858092;43.534383;39593;
Балабаново;Калужская;55.1811016;36.666284;29029;
Балаково;Саратовская;52.0245587;47.780662;184466;
Балахна;Нижегородская;56.5046948;43.601767;48569;
Балашиха;Московская;55.7981904;37.967986;520962;
Балашов;Саратовская;51.5434378;43.178805;74057;
Балей;Забайкальский;51.5774556;116.64846;10286;
Балтийск;Калининградская;54.6591222;19.922894;26796;
Барабинск;Новосибирская;55.3505535;78.348131;27648;
Барнаул;Алтайский;53.3497499;83.783573;630877;
Барыш;Ульяновская;53.6536271;47.108047;14924;
Батайск;Ростовская;47.139761;39.7378477;126988;
Бахчисарай;Крым;44.746091;33.8615643;28609;
Бежецк;Тверская;57.7764993;36.686507;21466;
БелаяКалитва;Ростовская;48.1772645;40.802094;40448;
БелаяХолуница;Кировская;58.8372864;50.848728;9659;
Белгород;Белгородская;50.5997134;36.598262;339978;
Белебей;Башкортостан;54.106246;54.1052962;59195;
Белёв;Тульская;53.8117984;36.126424;12846;
Белинский;Пензенская;52.9674667;43.416931;8656;
Белово;Кемеровская;54.4221106;86.303479;68542;
Белогорск;Амурская;50.920068;128.479968;61440;
Белогорск;Крым;45.0577954;34.605095;17445;
Белозерск;Вологодская;60.0336039;37.790996;8375;
Белокуриха;Алтайский;51.9948245;84.993556;14735;
Беломорск;Карелия;64.5198401;34.758653;7708;
Белоозёрский;Московская;55.4616385;38.432983;13737;
Белорецк;Башкортостан;53.9675527;58.410071;64525;
Белореченск;Краснодарский;44.7656192;39.871935;55870;
Белоусово;Калужская;55.092387;36.6649527;10946;
Белоярский;Ханты-Мансийский;63.7064673;66.663902;19994;
Бердск;Новосибирская;54.7750638;83.080031;102850;
Березники;Пермский;59.4131827;56.784931;138069;
Беслан;СевернаяОсетия-Алания;43.1945942;44.516718;35929;
Бийск;Алтайский;52.5097881;85.146206;183852;
Бикин;Хабаровский;46.8279483;134.24644;16240;
Билибино;Чукотский;68.0535995;166.44822;5546;
Биробиджан;Еврейская;48.7879712;132.93066;70064;
Бирск;Башкортостан;55.418472;55.5311876;46441;
Бирюсинск;Иркутская;55.9633661;97.81492;8632;
Бирюч;Белгородская;50.6483496;38.400578;7114;
Благовещенск;Башкортостан;55.0495663;55.954881;241437;
Благовещенск;Амурская;50.2660067;127.53561;35481;
Благодарный;Ставропольский;45.1023646;43.436865;30827;
Бобров;Воронежская;51.0984536;40.030121;20871;
Богданович;Свердловская;56.7743358;62.052292;30142;
Богородицк;Тульская;53.7709957;38.127631;29560;
Богородск;Нижегородская;56.1039436;43.516927;35068;
Боготол;Красноярский;56.2138488;89.538203;18206;
Богучар;Воронежская;49.9357561;40.558917;14370;
Бодайбо;Иркутская;57.850182;114.195778;8921;
Бокситогорск;Ленинградская;59.4735196;33.845725;16185;
Болгар;Татарстан;54.9846864;49.033546;8285;
Бологое;Тверская;57.8856929;34.053203;20234;
Болотное;Новосибирская;55.6717551;84.387215;15644;
Болохово;Тульская;54.0825985;37.829831;9339;
Болхов;Орловская;53.4477973;36.005592;9495;
БольшойКамень;Приморский;43.1124743;132.34516;41825;
Борзя;Забайкальский;50.3915439;116.53335;29596;
Борисоглебск;Воронежская;51.3677942;42.074583;60687;
Боровичи;Новгородская;58.3924996;33.906646;47883;
Боровск;Калужская;55.2033534;36.482639;12598;
Бородино;Красноярский;55.9057883;94.908511;15174;
Братск;Иркутская;56.2928363;101.71212;224071;
Бронницы;Московская;55.4255046;38.265436;21831;
Брянск;Брянская;53.2635306;34.41611;379152;
Бугульма;Татарстан;54.5298899;52.803851;81677;
Бугуруслан;Оренбургская;53.6234055;52.433221;43593;
Будённовск;Ставропольский;44.7977007;44.159053;58103;
Бузулук;Оренбургская;52.7732825;52.261324;88341;
Буинск;Татарстан;54.9807576;48.295351;19968;
Буй;Костромская;58.4807811;41.526097;20564;
Буйнакск;Дагестан;42.8222753;47.116596;68121;
Бутурлиновка;Воронежская;50.8251938;40.583298;24397;
Валдай;Новгородская;57.9804585;33.24589;14074;
Валуйки;Белгородская;50.2093862;38.099546;33032;
Велиж;Смоленская;55.603606;31.1946062;6293;
ВеликиеЛуки;Псковская;56.3396088;30.531475;86711;
ВеликийНовгород;Новгородская;58.5255698;31.274192;224286;
ВеликийУстюг;Вологодская;60.7594561;46.302564;28670;
Вельск;Архангельская;61.0637658;42.099105;21613;
Венёв;Тульская;54.3498239;38.26232;12668;
Верещагино;Пермский;58.0766886;54.670014;22239;
Верея;Московская;55.3437363;36.185144;4906;
Верхнеуральск;Челябинская;53.8798126;59.215254;8929;
ВерхнийТагил;Свердловская;57.3739259;59.932629;10113;
ВерхняяПышма;Свердловская;56.974633;60.5675988;71335;
ВерхняяСалда;Свердловская;58.0411092;60.559246;41034;
ВерхняяТура;Свердловская;58.3634707;59.810034;8554;
Верхотурье;Свердловская;58.8621517;60.808438;6706;
Верхоянск;Якутия;67.5505925;133.39933;828;
Весьегонск;Тверская;58.6583695;37.259017;6330;
Ветлуга;Нижегородская;57.8521574;45.776332;7681;
Видное;Московская;55.5514908;37.706444;101490;
Вилюйск;Якутия;63.7464403;121.62766;10032;
Вилючинск;Камчатский;52.9322792;158.40578;21774;
Вихоревка;Иркутская;56.1222142;101.1718;21719;
Вичуга;Ивановская;57.2135891;41.913518;30694;
Владивосток;Приморский;43.1332484;131.91129;603519;
Владикавказ;СевернаяОсетия-Алания;43.0252344;44.665975;295830;
Владимир;Владимирская;56.1428026;40.389579;349951;
Волгоград;Волгоградская;48.708048;44.5133035;1028036;
Волгодонск;Ростовская;47.5004928;42.202766;168048;
Волгореченск;Костромская;57.4456872;41.15706;14355;
Волжск;МарийЭл;55.8722768;48.356852;53013;
Волжский;Волгоградская;48.8176494;44.770729;321479;
Вологда;Вологодская;59.2180665;39.897805;313944;
Володарск;Нижегородская;56.2254693;43.182962;9705;
Волоколамск;Московская;56.0318944;35.958599;26389;
Волосово;Ленинградская;59.4430147;29.488559;11931;
Волхов;Ленинградская;59.9257016;32.320846;38511;
Волчанск;Свердловская;50.284234;36.9329429;8573;
Вольск;Саратовская;52.0497081;47.369226;55035;
Воркута;Коми;67.4968967;64.060217;56985;
Ворсма;Нижегородская;55.988075;43.2745128;10162;
Воскресенск;Московская;55.3144032;38.687725;95495;
Воткинск;Удмуртия;57.0495186;54.016388;97471;
Всеволожск;Ленинградская;60.0190765;30.645435;79038;
Вуктыл;Коми;63.8461612;57.308339;9322;
Выборг;Ленинградская;60.7095622;28.749044;72530;
Выкса;Нижегородская;55.3269648;42.162945;45240;
Высоковск;Московская;56.3205239;36.551967;13081;
Высоцк;Ленинградская;60.6252601;28.568049;1129;
Вытегра;Вологодская;61.0051524;36.453403;10386;
ВышнийВолочёк;Тверская;57.5890147;34.560263;45830;
Вяземский;Хабаровский;47.5363898;134.75345;12775;
Вязники;Владимирская;56.2398425;42.102442;36203;
Вязьма;Смоленская;55.2100384;34.296955;51950;
ВятскиеПоляны;Кировская;56.2306501;51.069702;29742;
ГавриловПосад;Ивановская;56.5594646;40.12205;5429;
Гаврилов-Ям;Ярославская;57.3047864;39.853596;16084;
Гагарин;Смоленская;55.5535448;34.996471;26500;
Гаджиево;Мурманская;69.2510157;33.32009;9297;
Гай;Оренбургская;51.4662868;58.446106;33280;
Галич;Костромская;58.3750411;42.349384;12856;
Гатчина;Ленинградская;59.5770957;30.132952;94377;
Гвардейск;Калининградская;54.6521344;21.067035;14122;
Гдов;Псковская;58.7443491;27.819589;3455;
Геленджик;Краснодарский;44.5620352;38.090457;80204;
Георгиевск;Ставропольский;44.1497667;43.457768;63221;
Глазов;Удмуртия;58.1368837;52.654834;87762;
Голицыно;Московская;55.6139341;36.99117;22733;
Горбатов;Нижегородская;56.1316117;43.058744;2009;
Горно-Алтайск;Алтай;51.9587202;85.96012;65342;
Горнозаводск;Пермский;58.3746752;58.330791;11073;
Городец;Нижегородская;56.6449127;43.472482;28660;
Городище;Пензенская;53.2680825;45.697656;22905;
Городовиковск;Калмыкия;46.0834883;41.929335;8285;
Гороховец;Владимирская;56.2005769;42.68619;12666;
ГорячийКлюч;Краснодарский;44.6344341;39.135465;40903;
Гремячинск;Пермский;58.5739449;57.845352;8360;
Грозный;Чечня;43.3187701;45.686524;328533;
Грязи;Липецкая;52.4930211;39.956567;43908;
Грязовец;Вологодская;58.8740343;40.250635;14505;
Губаха;Пермский;58.8389476;57.554426;23397;
Губкин;Белгородская;51.2835478;37.534944;85225;
Губкинский;Ямало-Ненецкий;64.4379795;76.488535;33273;
Гудермес;Чечня;43.3427039;46.096546;64376;
Гуково;Ростовская;48.0513115;39.937704;60361;
Гулькевичи;Краснодарский;45.3602797;40.695183;33357;
Гурьевск;Калининградская;54.7771529;20.596694;26760;
Гурьевск;Кемеровская;54.2830626;85.932621;22134;
Гусев;Калининградская;54.594198;22.2034071;29234;
Гусиноозёрск;Бурятия;51.285594;106.529369;24451;
Гусь-Хрустальный;Владимирская;55.6062836;40.656372;51552;
Давлеканово;Башкортостан;54.2131225;55.029543;21834;
ДагестанскиеОгни;Дагестан;42.1152993;48.187622;31412;
Далматово;Курганская;56.2592008;62.938551;11584;
Дальнегорск;Приморский;44.556083;135.567426;33655;
Дальнереченск;Приморский;45.9294549;133.74278;23613;
Данилов;Ярославская;58.1882017;40.173447;13677;
Данков;Липецкая;53.2534019;39.158953;19726;
Дегтярск;Свердловская;56.6980741;60.087521;15497;
Дедовск;Московская;55.8642973;37.119585;30731;
Демидов;Смоленская;55.2642792;31.515385;6326;
Дербент;Дагестан;42.0674251;48.28909;124953;
Десногорск;Смоленская;54.1525745;33.287493;25345;
Джанкой;Крым;45.7089869;34.387478;37014;
Дзержинск;Нижегородская;56.2374473;43.459617;218630;
Дивногорск;Красноярский;55.9575834;92.379982;27477;
Дигора;СевернаяОсетия-Алания;43.1591611;44.158821;9922;
Димитровград;Ульяновская;54.2197652;49.621247;110968;
Дмитров;Московская;56.3513399;37.521468;65574;
Дмитровск;Орловская;52.5081842;35.145935;5202;
Дно;Псковская;57.8287842;29.963429;7850;
Добрянка;Пермский;58.4704782;56.423226;28782;
Долгопрудный;Московская;55.947064;37.4992755;120907;
Долинск;Сахалинская;47.3247196;142.79791;11740;
Домодедово;Московская;55.4430234;37.747817;152404;
Донецк;Ростовская;48.015883;37.80285;951163;
Донской;Тульская;53.9674786;38.352923;63837;
Дорогобуж;Смоленская;54.9222589;33.29842;9528;
Дрезна;Московская;55.7414677;38.841532;12295;
Дубна;Московская;56.7320202;37.166897;74183;
Дубовка;Волгоградская;49.0545574;44.827205;14779;
Дудинка;Красноярский;69.4065274;86.176381;19556;
Духовщина;Смоленская;55.1917298;32.413817;3990;
Дюртюли;Башкортостан;55.4853744;54.872781;31185;
Дятьково;Брянская;53.5963041;34.338275;25255;
Евпатория;Крым;45.19045;33.366867;107877;
Егорьевск;Московская;55.3835354;39.035024;71686;
Ейск;Краснодарский;46.7128863;38.274115;82943;
Екатеринбург;Свердловская;56.8430993;60.645408;1544376;
Елабуга;Татарстан;55.761218;52.0111842;73630;
Елец;Липецкая;52.616959;38.4974348;99875;
Елизово;Камчатский;53.1890374;158.3825;36240;
Ельня;Смоленская;54.5772791;33.18463;8332;
Еманжелинск;Челябинская;54.7540245;61.318634;27632;
Емва;Коми;62.5982366;50.886542;10994;
Енисейск;Красноярский;58.4501;92.1867687;17537;
Ершов;Саратовская;51.3502732;48.267327;18095;
Ессентуки;Ставропольский;44.0455121;42.857523;119658;
Ефремов;Тульская;53.1457295;38.114596;36545;
Железноводск;Ставропольский;44.1458333;42.998933;22863;
Железногорск;Красноярский;56.2602634;93.53563;82723;
Железногорск;Курская;52.3399009;35.356484;97038;
Железногорск-Илимский;Иркутская;56.5837586;104.11486;21621;
Жердевка;Тамбовская;51.8440584;41.469617;13883;
Жигулёвск;Самарская;53.4012533;49.497729;50466;
Жиздра;Калужская;53.7467373;34.734363;5545;
Жирновск;Волгоградская;50.979243;44.7790426;15555;
Жуковка;Брянская;53.5346213;33.73253;17628;
Жуковский;Московская;55.5974912;38.113256;111222;
Завитинск;Амурская;50.1134132;129.44602;9615;
Заводоуковск;Тюменская;56.5093501;66.536314;27100;
Заволжск;Ивановская;57.4916766;42.13736;8896;
Заволжье;Нижегородская;56.6413006;43.390794;36763;
Задонск;Липецкая;52.3877634;38.919871;9887;
Заинск;Татарстан;55.2840468;52.003173;39739;
Закаменск;Бурятия;50.3783182;103.28828;11365;
Заозёрный;Красноярский;55.9742134;94.709633;10573;
Заозёрск;Мурманская;69.3978607;32.448955;7762;
ЗападнаяДвина;Тверская;55.8182426;27.911776;7869;
Заполярный;Мурманская;69.4263825;30.820831;14791;
Зарайск;Московская;54.7584245;38.882298;20736;
Заречный;Пензенская;53.1936327;45.165836;58510;
Заречный;Свердловская;56.8057986;61.323812;28112;
Заринск;Алтайский;53.7273796;84.926507;41272;
Звенигово;МарийЭл;55.9725324;48.014476;10994;
Звенигород;Московская;55.7300589;36.855438;35842;
Зверево;Ростовская;48.0351853;40.12107;19353;
Зеленогорск;Красноярский;60.1967148;29.700691;54279;
Зеленоградск;Калининградская;54.9598647;20.475093;16625;
Зеленодольск;Татарстан;55.8509865;48.498679;99137;
Зеленокумск;Ставропольский;44.4025309;43.883274;33187;
Зерноград;Ростовская;46.8494567;40.313128;24076;
Зея;Амурская;53.7359301;127.25852;19414;
Зима;Иркутская;53.9225852;102.04238;30640;
Златоуст;Челябинская;55.1733948;59.671952;161774;
Змеиногорск;Алтайский;51.1543319;82.197681;9410;
Знаменск;Астраханская;48.588212;45.7220737;24628;
Зубцов;Тверская;56.177537;34.5767779;6217;
Зуевка;Кировская;58.4068756;51.135252;9767;
Ивангород;Ленинградская;59.3762598;28.219357;9861;
Иваново;Ивановская;57.0050671;40.976645;361644;
Ивантеевка;Московская;55.9761503;37.906642;82827;
Ивдель;Свердловская;60.6970661;60.427676;14306;
Игарка;Красноярский;67.4669771;86.569018;3634;
Ижевск;Удмуртия;56.8618601;53.232428;623472;
Избербаш;Дагестан;42.5684986;47.875381;55996;
Изобильный;Ставропольский;45.3700566;41.710684;38614;
Иланский;Красноярский;56.2367774;96.06329;15945;
Инза;Ульяновская;53.8570843;46.351791;16293;
Иннополис;Татарстан;55.7517163;48.747309;3955;
Инсар;Мордовия;53.8697355;44.369684;7920;
Инта;Коми;66.0395443;60.131399;20271;
Ипатово;Ставропольский;45.7173223;42.913144;26122;
Ирбит;Свердловская;57.6814742;63.058534;37009;
Иркутск;Иркутская;52.2854834;104.28902;617264;
Исилькуль;Омская;54.916529;71.266638;20515;
Искитим;Новосибирская;54.642619;83.3083003;57147;
Истра;Московская;55.9141765;36.859665;37474;
Ишим;Тюменская;56.1086407;69.460969;67614;
Ишимбай;Башкортостан;53.4263581;56.050767;64041;
Йошкар-Ола;МарийЭл;56.6418642;47.889371;281248;
Кадников;Вологодская;59.5019864;40.342151;4106;
Казань;Татарстан;55.7878944;49.123329;1308660;
Калач;Воронежская;50.4250331;41.018258;17624;
Калачинск;Омская;55.0527445;74.58492;21378;
Калач-на-Дону;Волгоградская;48.6813984;43.54054;24277;
Калининград;Калининградская;54.7104264;20.452214;490449;
Калининск;Саратовская;51.4964778;44.481832;14949;
Калтан;Кемеровская;53.508999;87.2822489;21752;
Калуга;Калужская;54.5135904;36.263678;337058;
Калязин;Тверская;57.2409979;37.828184;12621;
Камбарка;Удмуртия;56.2646704;54.193966;10080;
Каменка;Пензенская;53.1916124;43.985669;33491;
Каменногорск;Ленинградская;60.9464266;29.134831;7160;
Каменск-Уральский;Свердловская;56.4253389;61.922297;164192;
Каменск-Шахтинский;Ростовская;48.3141177;40.268954;86365;
Камешково;Владимирская;56.3520312;40.999455;12028;
Камызяк;Астраханская;46.1153341;48.067823;16154;
Камышин;Волгоградская;50.0741893;45.39673;107927;
Камышлов;Свердловская;56.8522639;62.708235;27117;
Канаш;Чувашия;55.5096;47.4993967;44354;
Кандалакша;Мурманская;67.1508569;32.413375;29138;
Карабаново;Владимирская;56.3050386;38.699287;13150;
Карабаш;Челябинская;55.4982824;60.207852;10514;
Карабулак;Ингушетия;43.3101004;44.904741;43037;
Карасук;Новосибирская;53.7315367;78.049698;24890;
Карачаевск;Карачаево-Черкесия;43.7722179;41.914243;23867;
Карачев;Брянская;53.1223855;34.982983;17449;
Каргат;Новосибирская;55.1929276;80.282602;8316;
Каргополь;Архангельская;61.5054419;38.947098;8849;
Карпинск;Свердловская;59.7664485;60.001273;25879;
Карталы;Челябинская;53.0533038;60.638849;27103;
Касимов;Рязанская;54.9497574;41.397405;28443;
Касли;Челябинская;55.8963479;60.759088;15383;
Каспийск;Дагестан;42.8740492;47.640417;121140;
Катав-Ивановск;Челябинская;54.7472492;58.201141;14663;
Катайск;Курганская;56.2832329;62.583099;11881;
Качканар;Свердловская;58.7051023;59.484063;37307;
Кашин;Тверская;57.3606331;37.608168;14113;
Кашира;Московская;54.8349583;38.150764;45922;
Кедровый;Томская;57.560463;79.565293;3835;
Кемерово;Кемеровская;55.3443282;86.062086;557119;
Кемь;Карелия;64.9551847;34.598189;10018;
Керчь;Крым;45.357314;36.468293;154621;
Кизел;Пермский;59.0548727;57.623831;15619;
Кизилюрт;Дагестан;43.2038354;46.866354;38335;
Кизляр;Дагестан;43.8438657;46.715242;49999;
Кимовск;Тульская;53.9704765;38.540126;26475;
Кимры;Тверская;56.8603977;37.359891;40875;
Кингисепп;Ленинградская;59.3801537;28.61908;49716;
Кинель;Самарская;53.2210128;50.634392;36729;
Кинешма;Ивановская;57.4426249;42.115951;77694;
Киреевск;Тульская;53.9354648;37.92562;25560;
Киренск;Иркутская;57.7757698;108.11157;10998;
Киржач;Владимирская;56.149335;38.8484509;27318;
Кириллов;Вологодская;59.8616606;38.378674;7149;
Кириши;Ленинградская;59.4460543;32.015188;51028;
Киров;Калужская;54.0786489;34.307962;28097;
Киров;Кировская;58.4198529;50.209724;468212;
Кировград;Свердловская;57.4299114;60.056348;18698;
Кирово-Чепецк;Кировская;58.5540671;49.98856;66651;
Кировск;Мурманская;67.6150871;33.661216;24857;
Кировск;Ленинградская;59.8869266;30.95568;27238;
Кирс;Кировская;59.3400213;52.241323;8520;
Кирсанов;Тамбовская;52.6532692;42.720743;16164;
Киселёвск;Кемеровская;54.0055243;86.649758;83431;
Кисловодск;Ставропольский;43.9055914;42.715918;127521;
Клин;Московская;56.3325064;36.727709;88511;
Клинцы;Брянская;52.7566164;32.256669;63059;
Княгинино;Нижегородская;55.8210881;45.034819;6447;
Ковдор;Мурманская;67.5628431;30.473914;15770;
Ковров;Владимирская;56.3636482;41.311231;132417;
Ковылкино;Мордовия;54.0400497;43.916834;19793;
Когалым;Ханты-Мансийский;62.2665501;74.544684;61441;
Кодинск;Красноярский;58.6076727;99.177909;13324;
Козельск;Калужская;54.0375502;35.766677;16759;
Козловка;Чувашия;55.8402437;48.244444;7781;
Козьмодемьянск;МарийЭл;56.3294182;46.553016;19731;
Кола;Мурманская;68.8826105;33.018398;9016;
Кологрив;Костромская;58.8256196;44.310991;2468;
Коломна;Московская;55.0937517;38.768861;134850;
Колпашево;Томская;58.3133822;82.903637;20824;
Кольчугино;Владимирская;56.2983854;39.370141;39410;
Коммунар;Ленинградская;59.6220116;30.393446;25793;
Комсомольск;Ивановская;50.541967;137.022889;8364;
Комсомольск-на-Амуре;Хабаровский;50.541967;137.022889;238505;
Конаково;Тверская;56.6965089;36.773309;33560;
Кондопога;Карелия;62.2062078;34.267571;25851;
Кондрово;Калужская;54.8071163;35.926995;15734;
Константиновск;Ростовская;47.575381;41.09511;17207;
Копейск;Челябинская;55.1169012;61.617923;147806;
Кораблино;Рязанская;53.9288;40.0292803;10334;
Кореновск;Краснодарский;45.4623937;39.448047;41826;
Королёв;Московская;55.9316797;37.851855;228095;
Короча;Белгородская;50.8108364;37.196021;5623;
Корсаков;Сахалинская;46.6355686;142.783;33950;
Коряжма;Архангельская;61.3151654;47.160572;34523;
Костерёво;Владимирская;55.9370539;39.632293;7113;
Костомукша;Карелия;64.5950323;30.611549;26048;
Кострома;Костромская;57.7677078;40.92626;267481;
Котельники;Московская;55.6532044;37.861322;63728;
Котельниково;Волгоградская;47.6301399;43.145661;22016;
Котельнич;Кировская;58.3034097;48.347378;20144;
Котлас;Архангельская;61.2490705;46.635007;56093;
Котово;Волгоградская;50.318889;44.8057555;21028;
Котовск;Тамбовская;52.5978077;41.509318;26694;
Кохма;Ивановская;56.9311768;41.09478;30940;
Красноармейск;Московская;56.1033081;38.136611;26492;
Красноармейск;Саратовская;51.0226873;45.683326;21350;
Красновишерск;Пермский;60.3965423;57.072923;14460;
Красногорск;Московская;55.8263313;37.326297;187634;
Краснодар;Краснодарский;45.036035;38.9745706;1099344;
Краснозаводск;Московская;56.4406514;38.245307;14639;
Краснознаменск;Калининградская;54.9419978;22.487193;3419;
Краснознаменск;Московская;55.5958725;37.042582;43868;
Краснокаменск;Забайкальский;50.0886824;118.02847;51137;
Краснокамск;Пермский;58.0789548;55.767186;48778;
Красноперекопск;Крым;45.9521978;33.795077;25569;
Краснослободск;Волгоградская;48.7068122;44.592091;16545;
Краснослободск;Мордовия;54.4304682;43.778049;8910;
Краснотурьинск;Свердловская;59.7650618;60.215883;55875;
Красноуральск;Свердловская;58.3565659;60.039693;21507;
Красноуфимск;Свердловская;56.6153071;57.753675;37301;
Красноярск;Красноярский;56.0152834;92.893247;1187771;
КрасныйКут;Саратовская;50.9471841;46.97161;14296;
КрасныйСулин;Ростовская;47.8943823;40.056826;35697;
КрасныйХолм;Тверская;58.0628149;37.120394;4998;
Кремёнки;Калужская;54.8871492;37.11655;11745;
Кропоткин;Краснодарский;45.4323093;40.556569;75858;
Крымск;Краснодарский;44.9306258;37.985014;54597;
Кстово;Нижегородская;56.1518379;44.20685;63646;
Кубинка;Московская;55.5634899;36.702445;23146;
Кувандык;Оренбургская;51.481346;57.3769755;26596;
Кувшиново;Тверская;57.0288054;34.165474;9262;
Кудрово;Ленинградская;59.9027356;30.512523;60791;
Кудымкар;Пермский;59.0069977;54.664386;28293;
Кузнецк;Пензенская;53.1160098;46.593921;78390;
Кукмор;Татарстан;56.186612;50.8914963;17886;
Кулебаки;Нижегородская;55.4314599;42.512411;32184;
Кумертау;Башкортостан;52.7637387;55.811568;57949;
Кунгур;Пермский;57.431641;56.9397122;62673;
Купино;Новосибирская;54.3642627;77.296755;15065;
Курган;Курганская;55.4590496;65.34932;310911;
Курганинск;Краснодарский;44.8845056;40.588866;47305;
Курильск;Сахалинская;45.2323935;147.87277;2530;
Курлово;Владимирская;55.4500156;40.610066;6309;
Куровское;Московская;55.5792097;38.921919;19857;
Курск;Курская;51.7482395;36.194702;440052;
Куртамыш;Курганская;54.9110338;64.428849;14806;
Курчалой;Чечня;43.2082756;46.084513;23425;
Курчатов;Курская;51.6589082;35.658709;40318;
Куса;Челябинская;55.3377108;59.442093;17136;
Кызыл;Тыва;51.7150832;94.45748;125241;
Кыштым;Челябинская;55.7079249;60.539577;36045;
Кяхта;Бурятия;50.3492922;106.482;17877;
Лабинск;Краснодарский;44.6355901;40.724474;57428;
Лабытнанги;Ямало-Ненецкий;66.6557632;66.389831;25501;
Ладушкин;Калининградская;54.5704266;20.174146;3666;
Лаишево;Татарстан;55.4013646;49.549277;9076;
Лакинск;Владимирская;56.0170304;39.949387;12861;
Лангепас;Ханты-Мансийский;61.2703184;75.170085;42701;
Лахденпохья;Карелия;61.5197315;30.197751;5952;
Лебедянь;Липецкая;53.0205689;39.130479;20049;
Лениногорск;Татарстан;54.5986836;52.448185;60993;
Ленинск;Волгоградская;48.7044102;45.190022;13391;
Ленинск-Кузнецкий;Кемеровская;54.6715178;86.174547;92244;
Ленск;Якутия;60.7213913;114.9024;21392;
Лермонтов;Ставропольский;44.1109665;42.968418;22444;
Лесной;Свердловская;58.6356672;59.790403;48261;
Лесозаводск;Приморский;45.4645149;133.39805;35433;
Лесосибирск;Красноярский;58.2296736;92.501259;55730;
Ливны;Орловская;52.4282402;37.602784;43549;
Ликино-Дулёво;Московская;55.7046285;38.957558;34191;
Липецк;Липецкая;52.6121996;39.598122;496403;
Липки;Тульская;53.9418789;37.701415;8325;
Лиски;Воронежская;50.9870451;39.497767;54147;
Лихославль;Тверская;57.1230418;35.464477;11017;
Лобня;Московская;56.0126582;37.480873;82764;
ЛодейноеПоле;Ленинградская;60.7343124;33.543131;18905;
Лосино-Петровский;Московская;55.8690795;38.194492;29000;
Луга;Ленинградская;58.7377484;29.849661;38407;
Луза;Кировская;60.6310352;47.255479;9122;
Лукоянов;Нижегородская;55.0296986;44.492337;12652;
Луховицы;Московская;54.9402436;39.027959;29889;
Лысково;Нижегородская;56.0223317;45.04223;21657;
Лысьва;Пермский;58.1072052;57.78885;53855;
Лыткарино;Московская;55.579537;37.9120395;65212;
Льгов;Курская;51.6553959;35.257255;17557;
Любань;Ленинградская;59.3443787;31.242377;4565;
Люберцы;Московская;55.6808134;37.888725;224195;
Любим;Ярославская;58.3618144;40.686797;5037;
Людиново;Калужская;53.8619036;34.444408;35874;
Лянтор;Ханты-Мансийский;61.6218907;72.154779;40977;
Магадан;Магаданская;59.5594397;150.81275;90757;
Магнитогорск;Челябинская;53.3927214;59.062306;410594;
Майкоп;Адыгея;44.6076175;40.104693;143385;
Майский;Кабардино-Балкария;43.6267402;44.057072;26632;
Макаров;Сахалинская;48.6226725;142.77828;5848;
Макарьев;Костромская;57.8803932;43.806696;5528;
Макушино;Курганская;55.2048967;67.248968;6827;
МалаяВишера;Новгородская;58.8473418;32.220568;9996;
Малгобек;Ингушетия;43.5094858;44.585236;36480;
Малмыж;Кировская;56.5249692;50.677702;6931;
Малоархангельск;Орловская;52.4013652;36.503008;3609;
Малоярославец;Калужская;55.0098483;36.467552;41836;
Мамадыш;Татарстан;55.7033845;51.402196;15726;
Мамоново;Калининградская;54.4632112;19.94136;8314;
Мантурово;Костромская;58.3227586;44.756427;13043;
Мариинск;Кемеровская;56.1936066;87.713097;40779;
МариинскийПосад;Чувашия;56.1113158;47.716141;7851;
Маркс;Саратовская;51.7100737;46.74561;28749;
Махачкала;Дагестан;42.9777885;47.514691;623254;
Мглин;Брянская;53.0593311;32.849914;6919;
Мегион;Ханты-Мансийский;61.028619;76.1105177;52887;
Медвежьегорск;Карелия;62.9111017;34.464303;11962;
Медногорск;Оренбургская;51.4037913;57.583235;23693;
Медынь;Калужская;54.9677787;35.856977;8200;
Межгорье;Башкортостан;54.2386566;57.960773;15697;
Междуреченск;Кемеровская;53.6933951;88.055868;96174;
Мезень;Архангельская;65.8471036;44.239004;2874;
Меленки;Владимирская;55.3384025;41.626984;13407;
Мелеуз;Башкортостан;52.9610676;55.928214;56505;
Менделеевск;Татарстан;55.8916287;52.307974;22875;
Мензелинск;Татарстан;55.7218263;53.102929;16008;
Мещовск;Калужская;54.3204598;35.279905;3810;
Миасс;Челябинская;55.0646129;60.107544;147995;
Микунь;Коми;62.3565057;50.076243;8527;
Миллерово;Ростовская;48.9253302;40.399771;34841;
МинеральныеВоды;Ставропольский;44.211675;43.1238527;70485;
Минусинск;Красноярский;53.6978211;91.696317;70089;
Миньяр;Челябинская;55.0706944;57.54833;8500;
Мирный;Якутия;62.5313374;113.97738;34045;
Мирный;Архангельская;62.7636832;40.330681;27262;
Михайлов;Рязанская;54.2323066;39.022992;10303;
Михайловка;Волгоградская;50.0763764;43.23629;56031;
Михайловск;Свердловская;56.4396533;59.123311;9756;
Михайловск;Ставропольский;45.1299577;42.028421;114133;
Мичуринск;Тамбовская;52.8930342;40.498096;90451;
Могоча;Забайкальский;53.7407254;119.77681;12390;
Можайск;Московская;55.5067264;36.017287;33880;
Можга;Удмуртия;56.4425104;52.219512;44345;
Моздок;СевернаяОсетия-Алания;43.7454564;44.648725;36784;
Мончегорск;Мурманская;67.943134;32.8919562;39962;
Морозовск;Ростовская;48.3530868;41.825804;24258;
Моршанск;Тамбовская;53.444776;41.819164;39023;
Мосальск;Калужская;54.4918729;34.977136;4234;
Москва;Москва;55.7568721;37.615052;13010112;
Муравленко;Ямало-Ненецкий;63.793478;74.525728;29233;
Мураши;Кировская;59.3984413;48.963734;5700;
Мурино;Ленинградская;60.0453615;30.448989;89083;
Мурманск;Мурманская;68.9733113;33.085584;270384;
Муром;Владимирская;55.5746327;42.027461;107497;
Мценск;Орловская;53.2889377;36.580144;36960;
Мыски;Кемеровская;53.7113802;87.802202;40109;
Мышкин;Ярославская;57.7875829;38.454651;5621;
НабережныеЧелны;Татарстан;55.7305685;52.389288;548434;
Навашино;Нижегородская;55.546354;42.1926808;14664;
Наволоки;Ивановская;57.4677079;41.95709;8167;
Надым;Ямало-Ненецкий;65.534473;72.5044524;45973;
Назарово;Красноярский;56.0131955;90.402565;45333;
Называевск;Омская;55.563691;71.353339;10434;
Нальчик;Кабардино-Балкария;43.4846029;43.607011;247054;
Нариманов;Астраханская;46.690487;47.8535389;11104;
Наро-Фоминск;Московская;55.3855042;36.728129;71121;
Нарткала;Кабардино-Балкария;43.5576836;43.862211;33203;
Нарьян-Мар;Ненецкий;67.6710067;53.107833;23399;
Находка;Приморский;42.8438792;132.91792;139931;
Невель;Псковская;56.0173981;29.917743;13980;
Невельск;Сахалинская;46.6774007;141.85596;10608;
Невинномысск;Ставропольский;44.6393075;41.941923;117562;
Невьянск;Свердловская;57.4902781;60.212086;22061;
Нелидово;Тверская;56.2291711;32.790847;18603;
Неман;Калининградская;54.3609026;24.088102;9255;
Нерехта;Костромская;57.4610757;40.572519;19977;
Нерчинск;Забайкальский;51.9772731;116.58927;15290;
Нерюнгри;Якутия;56.6575311;124.711;53409;
Нестеров;Калининградская;54.6328243;22.569853;3336;
Нефтегорск;Самарская;52.996667;142.946389;18076;
Нефтекамск;Башкортостан;56.1026081;54.286739;131942;
Нефтекумск;Ставропольский;44.7513576;44.992156;23137;
Нефтеюганск;Ханты-Мансийский;61.0952059;72.604019;124732;
Нея;Костромская;58.2936951;43.860158;7816;
Нижневартовск;Ханты-Мансийский;60.9389425;76.595234;283256;
Нижнекамск;Татарстан;55.613196;51.8469974;241479;
Нижнеудинск;Иркутская;54.9019282;99.024836;29995;
НижниеСерги;Свердловская;56.6620984;59.299194;8009;
НижнийЛомов;Пензенская;53.5292599;43.672406;20421;
НижнийНовгород;Нижегородская;56.3268684;44.005879;1226076;
НижнийТагил;Свердловская;57.9214912;59.981618;338966;
НижняяСалда;Свердловская;58.0737337;60.694597;16505;
НижняяТура;Свердловская;58.6252657;59.848709;18392;
Николаевск;Волгоградская;50.0272194;45.462858;13460;
Николаевск-на-Амуре;Хабаровский;53.1500944;140.71847;18631;
Никольск;Вологодская;59.530033;45.4555936;7661;
Никольск;Пензенская;53.7145276;46.08412;19873;
Никольское;Ленинградская;59.708063;30.7839779;22355;
НоваяЛадога;Ленинградская;60.1026876;32.306749;7432;
НоваяЛяля;Свердловская;59.0491139;60.581657;10684;
Новоалександровск;Ставропольский;45.489928;41.2152859;26767;
Новоалтайск;Алтайский;53.4415721;83.920835;73049;
Новоаннинский;Волгоградская;50.529631;42.6666152;15351;
Нововоронеж;Воронежская;51.3080701;39.220018;30658;
Новодвинск;Архангельская;64.4157112;40.815054;33294;
Новозыбков;Брянская;52.5346129;31.933386;38680;
Новокубанск;Краснодарский;45.1056983;41.044338;34000;
Новокузнецк;Кемеровская;53.7595935;87.12157;537480;
Новокуйбышевск;Самарская;53.0960666;49.891288;98306;
Новомичуринск;Рязанская;54.0345439;39.750986;16900;
Новомосковск;Тульская;54.0109034;38.296306;119697;
Новопавловск;Ставропольский;43.9573079;43.630399;20781;
Новоржев;Псковская;57.0308853;29.332462;3222;
Новороссийск;Краснодарский;44.7180464;37.777011;262293;
Новосибирск;Новосибирская;54.9832693;82.896383;1633595;
Новосиль;Орловская;52.9727789;37.039631;2912;
Новосокольники;Псковская;56.3460884;30.154498;6895;
Новотроицк;Оренбургская;51.2057269;58.299151;75960;
Новоузенск;Саратовская;50.4631851;48.134769;15216;
Новоульяновск;Ульяновская;54.145036;48.390554;13673;
Новоуральск;Свердловская;57.2485663;60.088871;78479;
Новохопёрск;Воронежская;51.0945145;41.612926;5948;
Новочебоксарск;Чувашия;56.103603;47.5065073;120375;
Новочеркасск;Ростовская;47.4148385;40.108472;163674;
Новошахтинск;Ростовская;47.7568793;39.935768;103480;
НовыйОскол;Белгородская;50.7645609;37.862345;18359;
НовыйУренгой;Ямало-Ненецкий;66.0956864;76.656352;107251;
Ногинск;Московская;55.8555031;38.440948;103891;
Нолинск;Кировская;57.5562316;49.941308;8262;
Норильск;Красноярский;69.35579;88.1892939;174453;
Ноябрьск;Ямало-Ненецкий;63.1969949;75.442384;100188;
Нурлат;Татарстан;54.428283;50.8060935;33990;
Нытва;Пермский;57.9389432;55.329247;16675;
Нюрба;Якутия;63.2803099;118.36189;10138;
Нягань;Ханты-Мансийский;62.129277;65.3745138;63034;
Нязепетровск;Челябинская;56.0507525;59.598066;10379;
Няндома;Архангельская;61.6668865;40.196054;18473;
Облучье;Еврейская;49.0110293;131.0543;7959;
Обнинск;Калужская;55.1170375;36.597081;125376;
Обоянь;Курская;51.2122444;36.278575;11844;
Обь;Новосибирская;60.930602;75.7799575;30369;
Одинцово;Московская;55.6733745;37.281856;180530;
Озёрск;Калининградская;54.4059333;22.017957;4152;
Озёрск;Челябинская;55.71381;60.7009592;76896;
Озёры;Московская;54.8532251;38.557986;24359;
Октябрьск;Самарская;53.1637271;48.671036;20703;
Октябрьский;Башкортостан;54.4772015;53.489539;115557;
Окуловка;Новгородская;58.408096;33.2882235;9949;
Олёкминск;Якутия;60.370182;120.43021;8398;
Оленегорск;Мурманская;68.1404916;33.27057;21438;
Олонец;Карелия;60.9786847;32.970865;7663;
Омск;Омская;54.9913545;73.36452;1125695;
Омутнинск;Кировская;58.6688785;52.176483;19629;
Онега;Архангельская;63.9190525;38.083776;16947;
Опочка;Псковская;56.7144615;28.662841;9928;
Орёл;Орловская;52.9668468;36.062489;303169;
Оренбург;Оренбургская;51.768156;55.0969797;543654;
Орехово-Зуево;Московская;55.806085;38.9830282;105745;
Орлов;Кировская;58.5380077;48.900908;5508;
Орск;Оренбургская;51.2294181;58.475142;189195;
Оса;Пермский;57.2888125;55.471448;19523;
Осинники;Кемеровская;53.5963559;87.336741;40367;
Осташков;Тверская;57.1402682;33.128515;16674;
Остров;Псковская;57.3436767;28.352142;20923;
Островной;Мурманская;68.0603191;39.474038;1487;
Острогожск;Воронежская;50.8548419;39.063282;31699;
Отрадное;Ленинградская;55.8599189;37.601584;25706;
Отрадный;Самарская;53.3769898;51.34021;46984;
Оха;Сахалинская;53.5893264;142.95218;20357;
Оханск;Пермский;57.7166719;55.397215;6430;
Очёр;Пермский;57.8844465;54.715379;14385;
Павлово;Нижегородская;55.9644605;43.064305;57116;
Павловск;Воронежская;59.6811976;30.444376;22384;
ПавловскийПосад;Московская;55.7803327;38.663752;65098;
Палласовка;Волгоградская;50.0530091;46.880943;14966;
Партизанск;Приморский;43.1175916;133.11949;33832;
Певек;Чукотский;69.7029321;170.30703;4015;
Первомайск;Нижегородская;54.866212;43.8021236;43082;
Первоуральск;Свердловская;56.9047012;59.943022;114450;
Перевоз;Нижегородская;55.5974414;44.545244;8999;
Пересвет;Московская;56.4164816;38.173683;11752;
Переславль-Залесский;Ярославская;56.747048;38.8902603;37738;
Пермь;Пермский;58.0091683;56.226967;1034002;
Пестово;Новгородская;58.6028516;35.799236;14032;
ПетровВал;Волгоградская;50.1391313;45.206796;12526;
Петровск;Саратовская;52.3144031;45.388255;26319;
Петровск-Забайкальский;Забайкальский;51.2589417;108.833;15015;
Петрозаводск;Карелия;61.7781617;34.364039;234897;
Петропавловск-Камчатский;Камчатский;53.0583997;158.63207;164900;
Петухово;Курганская;55.0711374;67.89705;8502;
Петушки;Владимирская;55.9313985;39.45747;13317;
Печора;Коми;65.147559;57.2279695;35254;
Печоры;Псковская;57.8131437;27.611759;10247;
Пикалёво;Ленинградская;59.5131051;34.177274;20388;
Пионерский;Калининградская;54.9496869;20.22451;12794;
Питкяранта;Карелия;61.574086;31.4751132;8340;
Плавск;Тульская;53.706331;37.2919917;16893;
Пласт;Челябинская;54.363831;60.8075067;18379;
Плёс;Ивановская;57.4604955;41.512271;1896;
Поворино;Воронежская;51.1990188;42.244042;16417;
Подольск;Московская;55.4312453;37.545764;314934;
Подпорожье;Ленинградская;60.9128063;34.156688;16123;
Покачи;Ханты-Мансийский;61.741447;75.5905098;16040;
Покров;Владимирская;55.9181573;39.178555;17747;
Покровск;Якутия;48.282193;37.1847804;69154;
Полевской;Свердловская;56.4958375;60.236533;55182;
Полесск;Калининградская;54.8605417;21.104813;6926;
Полысаево;Кемеровская;54.6054983;86.280777;25631;
ПолярныеЗори;Мурманская;67.3744013;32.488945;14146;
Полярный;Мурманская;69.1986734;33.439448;12293;
Поронайск;Сахалинская;49.2213887;143.10017;16026;
Порхов;Псковская;57.7588077;29.558488;7309;
Похвистнево;Самарская;53.6482058;52.122954;27333;
Почеп;Брянская;52.9291372;33.454055;14991;
Починок;Смоленская;54.4053326;32.439638;7575;
Пошехонье;Ярославская;58.5030781;39.119378;5150;
Правдинск;Калининградская;54.4460011;21.016261;3986;
Приволжск;Ивановская;57.3793594;41.283027;14332;
Приморск;Калининградская;54.7339608;20.003538;1436;
Приморск;Ленинградская;60.36627;28.6061221;6537;
Приморско-Ахтарск;Краснодарский;46.0444267;38.166107;31087;
Приозерск;Ленинградская;61.0385976;30.129652;18777;
Прокопьевск;Кемеровская;53.8740916;86.646173;177819;
Пролетарск;Ростовская;46.6995285;41.728261;18983;
Протвино;Московская;54.8756167;37.219371;37735;
Прохладный;Кабардино-Балкария;43.7603313;44.010769;59938;
Псков;Псковская;57.8166994;28.334473;193082;
Пугачёв;Саратовская;52.0102774;48.810435;40127;
Пудож;Карелия;61.8042376;36.526047;7356;
Пустошка;Псковская;56.3352066;29.368932;4070;
Пучеж;Ивановская;56.9820664;43.168359;6879;
Пушкино;Московская;56.0089842;37.852861;110868;
Пущино;Московская;54.8323855;37.621055;19578;
Пыталово;Псковская;57.063557;27.9195002;5263;
Пыть-Ях;Ханты-Мансийский;60.7273587;72.82119;40180;
Пятигорск;Ставропольский;44.0498933;43.039636;146473;
Радужный;Владимирская;55.9955698;40.329555;17569;
Радужный;Ханты-Мансийский;62.103942;77.4753989;43577;
Райчихинск;Амурская;49.7974025;129.40291;15797;
Раменское;Московская;55.5668166;38.225645;114537;
Рассказово;Тамбовская;52.6586616;41.881486;47644;
Ревда;Свердловская;56.8188497;59.903639;60200;
Реж;Свердловская;57.3720826;61.379385;36585;
Реутов;Московская;55.7617579;37.861302;113871;
Ржев;Тверская;56.2583967;34.328348;55757;
Родники;Ивановская;57.1070081;41.733141;24101;
Рославль;Смоленская;53.9479938;32.857727;45416;
Ростов-на-Дону;Ростовская;47.2357137;39.701505;1142162;
Рошаль;Московская;55.6589845;39.877533;21401;
Ртищево;Саратовская;52.2600733;43.781435;37850;
Рубцовск;Алтайский;51.5280125;81.216937;126834;
Рудня;Смоленская;54.9470149;31.092176;8908;
Руза;Московская;55.7043322;36.1925;16014;
Рузаевка;Мордовия;54.0581618;44.949677;42989;
Рыбинск;Ярославская;58.057486;38.8116968;177295;
Рыбное;Рязанская;54.734352;39.5054926;21069;
Рыльск;Курская;51.5714552;34.683303;15069;
Ряжск;Рязанская;53.7093812;40.063898;20634;
Рязань;Рязанская;54.6095418;39.712585;528599;
Саки;Крым;45.1310529;33.594106;24285;
Салават;Башкортостан;53.3860437;55.925947;148575;
Салаир;Кемеровская;54.2375895;85.805136;7088;
Салехард;Ямало-Ненецкий;66.550073;66.6028111;47910;
Сальск;Ростовская;46.4787028;41.537746;57937;
Самара;Самарская;53.203772;50.1606382;1173299;
Санкт-Петербург;Санкт-Петербург;59.9310584;30.360909;5601911;
Саранск;Мордовия;54.2000477;45.174511;314871;
Сарапул;Удмуртия;56.4770315;53.817123;91115;
Саратов;Саратовская;51.5461754;46.015412;901361;
Саров;Нижегородская;54.9342792;43.32525;93357;
Сасово;Рязанская;54.3441139;41.921044;21628;
Сатка;Челябинская;55.0474994;58.97456;42597;
Сафоново;Смоленская;55.1107281;33.237372;38403;
Саяногорск;Хакасия;53.0966188;91.416451;44872;
Саянск;Иркутская;54.1126855;102.17784;35561;
Светлогорск;Калининградская;54.9394562;20.15847;16207;
Светлоград;Ставропольский;45.3393412;42.844261;35703;
Светлый;Калининградская;54.6770382;20.136372;21114;
Светогорск;Ленинградская;61.1080747;28.854665;13784;
Свирск;Иркутская;53.0907675;103.33694;15485;
Свободный;Амурская;51.3768658;128.13472;48517;
Себеж;Псковская;56.2879589;28.463791;6246;
Севастополь;Севастополь;44.61665;33.5253671;547820;
Северобайкальск;Бурятия;55.627858;109.314916;24233;
Северодвинск;Архангельская;64.5661757;39.850598;157213;
Североморск;Мурманская;69.0690371;33.408232;43327;
Североуральск;Свердловская;60.1511403;59.954855;24428;
Северск;Томская;56.6026874;84.880539;106648;
Севск;Брянская;52.1557601;34.496548;6732;
Сегежа;Карелия;63.7397166;34.319009;23543;
Сельцо;Брянская;53.3736044;34.105965;15906;
Семёнов;Нижегородская;56.7893742;44.491333;25075;
Семикаракорск;Ростовская;47.5188084;40.810349;21719;
Семилуки;Воронежская;51.7296906;39.050559;27938;
Сенгилей;Ульяновская;53.9620652;48.790475;6407;
Серафимович;Волгоградская;49.5845332;42.734634;8633;
Сергач;Нижегородская;55.5309772;45.464937;20256;
СергиевПосад;Московская;56.3151766;38.136706;101756;
Сердобск;Пензенская;52.4559291;44.202846;30220;
Серов;Свердловская;59.6104645;60.617743;94211;
Серпухов;Московская;54.9256124;37.435937;133793;
Сертолово;Ленинградская;60.1406406;30.209158;68241;
Сибай;Башкортостан;52.7133586;58.668135;56514;
Сим;Челябинская;54.9895131;57.6852;12858;
Симферополь;Крым;44.952117;34.102417;340540;
Сковородино;Амурская;53.983631;123.940166;7057;
Скопин;Рязанская;53.8257473;39.556825;25238;
Славск;Калининградская;55.045091;21.6727057;4153;
Славянск-на-Кубани;Краснодарский;45.2605456;38.125883;62985;
Сланцы;Ленинградская;59.1178411;28.08816;34628;
Слободской;Кировская;58.7243618;50.184449;29148;
Слюдянка;Иркутская;51.6565275;103.71843;18058;
Смоленск;Смоленская;54.7903112;32.050366;316570;
Снежинск;Челябинская;56.0853067;60.732394;50619;
Снежногорск;Мурманская;69.1882343;33.245483;9942;
Собинка;Владимирская;55.9945738;40.018404;17444;
Советск;Калининградская;55.0788538;21.878706;38910;
Советск;Кировская;57.5928116;48.966234;14626;
СоветскаяГавань;Хабаровский;48.9755228;140.26535;24231;
Советский;Ханты-Мансийский;61.3708958;63.566648;31138;
Сокол;Вологодская;59.4630529;40.115514;34742;
Солигалич;Костромская;59.0778074;42.285881;5534;
Соликамск;Пермский;59.6720331;56.755766;89473;
Солнечногорск;Московская;56.190913;36.9721914;48413;
Соль-Илецк;Оренбургская;51.1569139;54.994604;26149;
Сольцы;Новгородская;58.1179301;30.309743;8449;
Сорочинск;Оренбургская;52.4208807;53.160913;28478;
Сорск;Хакасия;53.9998175;90.251212;10124;
Сортавала;Карелия;61.7064906;30.697916;14867;
Сосенский;Калужская;54.0518924;35.959211;11413;
Сосновка;Кировская;56.2545205;51.284135;8428;
Сосновоборск;Красноярский;56.123153;93.3400796;40442;
СосновыйБор;Ленинградская;59.8696729;29.085647;65367;
Сосногорск;Коми;63.5891822;53.926973;22189;
Сочи;Краснодарский;43.6028079;39.734154;466078;
Спас-Деменск;Калужская;54.4101317;34.023619;4569;
Спас-Клепики;Рязанская;55.1364612;40.181902;4743;
Спасск;Пензенская;53.9258477;43.184982;6936;
Спасск-Дальний;Приморский;44.5955717;132.83029;35732;
Спасск-Рязанский;Рязанская;54.4144567;40.378945;5796;
Среднеколымск;Якутия;67.437307;153.728674;3131;
Среднеуральск;Свердловская;56.9923773;60.473891;23344;
Ставрополь;Ставропольский;45.0390116;41.963195;547443;
СтараяКупавна;Московская;55.8065475;38.178495;22898;
СтараяРусса;Новгородская;57.9895226;31.354785;27487;
Старица;Тверская;56.5015735;34.935078;6938;
Стародуб;Брянская;52.5843535;32.757832;17687;
СтарыйКрым;Крым;45.0274234;35.086372;10470;
СтарыйОскол;Белгородская;51.2876485;37.822169;221676;
Стерлитамак;Башкортостан;53.630421;55.9308009;277410;
Стрежевой;Томская;60.7236076;77.58093;39169;
Строитель;Белгородская;50.786658;36.4820491;23780;
Струнино;Владимирская;56.3745612;38.584463;11774;
Ступино;Московская;54.8868326;38.078201;64412;
Суворов;Тульская;54.1228794;36.499645;17598;
Судак;Крым;44.850467;34.976183;17834;
Суджа;Курская;51.1912966;35.270516;5127;
Судогда;Владимирская;55.9511166;40.862939;10408;
Суздаль;Владимирская;56.4241195;40.447446;9286;
Суоярви;Карелия;62.0896773;32.374408;7190;
Сураж;Брянская;53.0145015;32.397922;11176;
Сургут;Ханты-Мансийский;61.2545849;73.396169;396443;
Суровикино;Волгоградская;48.6102216;42.852833;18227;
Сурск;Пензенская;53.0788416;45.69049;6034;
Сусуман;Магаданская;62.7804506;148.15364;4439;
Сухиничи;Калужская;54.1019535;35.338787;14806;
СухойЛог;Свердловская;56.9116454;62.038646;32748;
Сызрань;Самарская;53.1585015;48.46489;165725;
Сыктывкар;Коми;61.6641145;50.816877;220580;
Сысерть;Свердловская;56.5103018;60.824737;20634;
Сычёвка;Смоленская;55.826646;34.2753037;7544;
Сясьстрой;Ленинградская;60.1444455;32.553793;12566;
Тавда;Свердловская;58.0442892;65.256108;32749;
Таганрог;Ростовская;47.2125752;38.915965;245120;
Тайга;Кемеровская;56.0650329;85.633575;22375;
Тайшет;Иркутская;55.9321466;98.010574;34491;
Талдом;Московская;56.7308079;37.528331;17317;
Талица;Свердловская;57.0127114;63.729464;14808;
Тамбов;Тамбовская;52.7371109;41.439614;261803;
Тара;Омская;56.9012145;74.375298;26878;
Тарко-Сале;Ямало-Ненецкий;64.9120778;77.763686;19900;
Таруса;Калужская;54.7227778;37.164781;9918;
Татарск;Новосибирская;55.1936526;75.968454;23711;
Таштагол;Кемеровская;52.7591043;87.847301;21980;
Тверь;Тверская;56.8587214;35.917596;416219;
Теберда;Карачаево-Черкесия;43.4274827;41.738294;9020;
Тейково;Ивановская;56.854156;40.5341249;31305;
Темников;Мордовия;54.6287716;43.204849;6451;
Темрюк;Краснодарский;45.2756589;37.374152;41608;
Терек;Кабардино-Балкария;43.4213779;45.977292;19948;
Тимашёвск;Краснодарский;45.6093387;38.954701;51858;
Тихвин;Ленинградская;59.6440428;33.543259;55415;
Тихорецк;Краснодарский;45.8548161;40.125741;55686;
Тобольск;Тюменская;58.2227256;68.277764;100352;
Тогучин;Новосибирская;55.2380314;84.40287;20766;
Тольятти;Самарская;53.508525;49.4182196;684709;
Томари;Сахалинская;47.7613226;142.05995;4313;
Томмот;Якутия;58.9811665;126.21857;6440;
Томск;Томская;56.4884295;84.948046;556478;
Топки;Кемеровская;55.2777575;85.624329;27158;
Торжок;Тверская;57.0640794;34.897927;41116;
Торопец;Тверская;56.4977742;31.640731;11441;
Тосно;Ленинградская;59.5406601;30.877724;34066;
Тотьма;Вологодская;59.9737907;42.759137;8669;
Трёхгорный;Челябинская;54.8176511;58.445493;32463;
Троицк;Челябинская;55.4903205;37.30321;70301;
Трубчевск;Брянская;52.5801951;33.761946;13287;
Туймазы;Башкортостан;54.6003824;53.694706;68349;
Тула;Тульская;54.1921956;37.616411;473622;
Тулун;Иркутская;54.5617544;100.5793;38440;
Туран;Тыва;52.1428278;93.923021;5044;
Туринск;Свердловская;58.0524983;63.691808;16561;
Тутаев;Ярославская;57.8675746;39.533339;39643;
Тында;Амурская;55.1438334;124.74137;28625;
Тырныауз;Кабардино-Балкария;43.3818976;42.915672;22056;
Тюкалинск;Омская;55.869871;72.1922026;9894;
Тюмень;Тюменская;57.1553394;65.561863;847488;
Уварово;Тамбовская;51.9724727;42.264157;23584;
Углегорск;Сахалинская;49.0796559;142.06308;10309;
Углич;Ярославская;57.5239298;38.321903;32719;
Удачный;Якутия;66.407021;112.29778;12930;
Удомля;Тверская;57.8708994;35.006028;25950;
Ужур;Красноярский;55.3189537;89.840625;14134;
Узловая;Тульская;53.9789964;38.166683;49427;
Улан-Удэ;Бурятия;51.8335896;107.58404;437565;
Ульяновск;Ульяновская;54.3186575;48.397776;617352;
Унеча;Брянская;52.8447969;32.67219;24274;
Урай;Ханты-Мансийский;60.1254336;64.80662;41315;
Урень;Нижегородская;57.4552186;45.791054;12450;
Уржум;Кировская;57.1105973;49.99615;8448;
Урус-Мартан;Чечня;43.1310518;45.540929;63449;
Усинск;Коми;65.9940081;57.55701;32182;
Усмань;Липецкая;52.0439901;39.728567;19662;
Усолье;Пермский;59.4254685;56.68038;6619;
Усолье-Сибирское;Иркутская;52.7664236;103.63817;74762;
Уссурийск;Приморский;43.8015045;131.94049;180393;
Усть-Джегута;Карачаево-Черкесия;44.0844358;41.976676;31137;
Усть-Илимск;Иркутская;57.9845406;102.73959;79570;
Усть-Катав;Челябинская;54.9311695;58.164571;21439;
Усть-Кут;Иркутская;56.7910394;105.77686;36918;
Усть-Лабинск;Краснодарский;45.2158861;39.68826;40158;
Устюжна;Вологодская;58.8422632;36.426067;7843;
Уфа;Башкортостан;54.734791;55.9578555;1144809;
Ухта;Коми;63.5650976;53.672105;79899;
Учалы;Башкортостан;54.3089584;59.408949;36175;
Уяр;Красноярский;55.8089255;94.311546;12036;
Фатеж;Курская;52.093421;35.8568797;4691;
Феодосия;Крым;45.031933;35.382433;66293;
Фокино;Брянская;53.4617495;34.415637;12538;
Фокино;Приморский;42.9700494;132.41055;19711;
Фролово;Волгоградская;49.7660348;43.647994;35661;
Фрязино;Московская;55.9602597;38.044143;60580;
Фурманов;Ивановская;57.2504573;41.106465;29715;
Хабаровск;Хабаровский;48.4814433;135.07206;617441;
Хадыженск;Краснодарский;44.4230464;39.536681;22094;
Ханты-Мансийск;Ханты-Мансийский;61.006057;69.0312136;107473;
Харабали;Астраханская;47.4038111;47.248663;18514;
Харовск;Вологодская;59.9505556;40.206474;8389;
Хвалынск;Саратовская;52.5010192;48.09233;12042;
Хилок;Забайкальский;51.3634073;110.45903;9948;
Химки;Московская;55.8940553;37.443948;257128;
Холм;Новгородская;57.1472054;31.175418;3214;
Холмск;Сахалинская;47.0614761;142.05403;25677;
Хотьково;Московская;56.2535371;37.977229;20466;
Цивильск;Чувашия;55.8635736;47.467041;12762;
Цимлянск;Ростовская;47.6433306;42.086082;14731;
Циолковский;Амурская;51.7643275;128.12247;7194;
Чадан;Тыва;51.2846842;91.585714;9732;
Чайковский;Пермский;56.766116;54.1276713;75837;
Чапаевск;Самарская;52.9696663;49.706731;70228;
Чаплыгин;Липецкая;53.239883;39.9688535;11579;
Чебаркуль;Челябинская;54.9780451;60.36927;44693;
Чебоксары;Чувашия;56.1167663;47.262782;497807;
Чегем;Кабардино-Балкария;43.5666532;43.589658;20736;
Чекалин;Тульская;54.0984788;36.246726;935;
Челябинск;Челябинская;55.1644419;61.436843;1189525;
Чердынь;Пермский;60.4031194;56.479773;4590;
Черемхово;Иркутская;53.1400556;103.09397;53958;
Черепаново;Новосибирская;54.2214946;83.373304;19900;
Череповец;Вологодская;59.132333;37.9091811;305185;
Чёрмоз;Пермский;58.7766235;56.151809;3044;
Черноголовка;Московская;56.0097618;38.378699;19530;
Черногорск;Хакасия;53.8247092;91.322872;75745;
Чернушка;Пермский;56.5206355;56.078896;32991;
Черняховск;Калининградская;54.6312721;21.831135;36128;
Чехов;Московская;55.1526235;37.460361;89025;
Чистополь;Татарстан;55.3722381;50.643112;58815;
Чита;Забайкальский;52.0515032;113.47119;334427;
Чкаловск;Нижегородская;56.7597361;43.235015;11535;
Чудово;Новгородская;59.1211794;31.670248;14302;
Чулым;Новосибирская;55.0896062;80.970519;11034;
Чухлома;Костромская;58.7538079;42.688033;4252;
Шагонар;Тыва;51.5388375;92.912699;11772;
Шадринск;Курганская;56.0867827;63.629374;68609;
Шали;Чечня;43.1418894;45.903733;55054;
Шарыпово;Красноярский;55.5323307;89.18353;33961;
Шарья;Костромская;58.3799569;45.513932;20439;
Шахты;Ростовская;47.7086074;40.216038;226452;
Шахунья;Нижегородская;57.6734511;46.610727;17626;
Шацк;Рязанская;54.0255539;41.712258;5927;
Шебекино;Белгородская;50.4075868;36.897134;39680;
Шелехов;Иркутская;52.2075403;104.09883;41998;
Шенкурск;Архангельская;62.1060951;42.903019;4600;
Шилка;Забайкальский;51.8526624;116.03349;12046;
Шимановск;Амурская;51.9980218;127.67034;16488;
Шиханы;Саратовская;52.1173637;47.20765;5155;
Шлиссельбург;Ленинградская;59.9464719;31.034169;14131;
Шумерля;Чувашия;55.5217803;46.377119;26873;
Шумиха;Курганская;55.2283647;63.299543;16264;
Шуя;Ивановская;56.8511341;41.357534;55225;
Щёкино;Тульская;53.9990575;37.509633;55109;
Щёлкино;Крым;45.4225908;35.820615;10131;
Щёлково;Московская;55.917038;38.0369348;134211;
Щигры;Курская;51.8732372;36.912447;14927;
Щучье;Курганская;55.2093517;62.752312;8252;
Электрогорск;Московская;55.8845819;38.785644;29982;
Электросталь;Московская;55.7835532;38.455161;146403;
Электроугли;Московская;55.7156109;38.20932;17944;
Элиста;Калмыкия;46.3154883;44.279401;102583;
Энгельс;Саратовская;51.4867682;46.125135;225428;
Эртиль;Воронежская;51.8380683;40.801628;10024;
Югорск;Ханты-Мансийский;61.3138277;63.342955;38238;
Южа;Ивановская;56.5837897;42.011747;12957;
Южно-Сахалинск;Сахалинская;46.9640949;142.72847;181587;
Южно-Сухокумск;Дагестан;44.6611202;45.647324;10503;
Южноуральск;Челябинская;54.4420646;61.260628;37478;
Юрга;Кемеровская;55.7142703;84.921361;79693;
Юрьевец;Ивановская;57.3179036;43.110852;7899;
Юрьев-Польский;Владимирская;56.4990965;39.681235;17276;
Юрюзань;Челябинская;54.8529228;58.421298;10284;
Юхнов;Калужская;54.7439833;35.236071;6610;
Ядрин;Чувашия;55.9467141;46.203034;7918;
Якутск;Якутия;62.0396912;129.74221;355443;
Ялта;Крым;44.4909462;34.153268;74652;
Ялуторовск;Тюменская;56.6551336;66.311643;38853;
Янаул;Башкортостан;56.2672277;54.931977;25908;
Яранск;Кировская;57.3044418;47.885799;14284;
Яровое;Алтайский;52.9322752;78.573113;16424;
Ярославль;Ярославская;57.6260744;39.88447;577279;
Ярцево;Смоленская;55.066238;32.6880143;41452;
Ясногорск;Тульская;54.4791201;37.693187;15269;
Ясный;Оренбургская;51.0329523;59.880144;15471;
Яхрома;Московская;56.2900004;37.483549;14011;